"1","602x338_cmsv2_4700a622-4edb-5eee-a662-4c48278cd38c-5014422.jpg","Graphic Design","Newest course","420","2020-10-21"
"2","business-stat.jpg","Web Development","New course","420","2020-10-22"
"4","bg-i.jpg","Game Development",,"420","2020-10-23"
"5",,"Flutter",,"420","2020-10-23"
"6",,"Apps Development",,"420","2020-10-23"
"7",,"Video Editing",,"1","2020-10-23"
"8","c-4.jpg","Digital Marketing","This is digital marketing.","420","2020-10-23"
"11",,"3d Drawing",,"420","2020-10-23"
"12",,"Autocad",,"1","(01:36:39 AM, Sun, 18 Jul, 2021)"
"3","Tahsin Faruque","0","Mockup",,,"g-6.jpg","(10:47:43 PM, Sun, 01 Nov, 2020)"
"4","Rubaiya Islam","8","Graphics",,,"g-2.jpg","(10:57:52 PM, Sun, 01 Nov, 2020)"
"5","Shemontika Bhattacharya","6","Faiad Ul Haque",,,"g-8.jpg","(11:05:47 PM, Sun, 01 Nov, 2020)"
"6","Shemontika Bhattacharya","6","Faiad Ul Haque",,,"g-8.jpg","(11:07:25 PM, Sun, 01 Nov, 2020)"
"7","Shemontika Bhattacharya","6","Faiad Ul Haque",,,"g-8.jpg","(11:08:00 PM, Sun, 01 Nov, 2020)"
"8","Shemontika Bhattacharya","6","Faiad Ul Haque",,,"g-8.jpg","(11:08:27 PM, Sun, 01 Nov, 2020)"
"9","Shemontika Bhattacharya","6","Faiad Ul Haque",,,"g-8.jpg","(11:08:42 PM, Sun, 01 Nov, 2020)"
"13","Zeba Fariha","7","WEb",,"https://drive.google.com/file/d/1ouYtf5uMnVZQ0IrBC57SFv0bupKCD6jc/preview","business-stat.jpg","(11:12:12 PM, Sun, 01 Nov, 2020)"
"2",,"shibli","Shibli Anika","shibli@gmail.com","7055eced15538bfb7c07f8a5b28fc5d0","0","222/1, Malibag","2","11","1","2","0","2020-10-24"
"3",,"moina","Moina Rekha","moina@gmail.com","7055eced15538bfb7c07f8a5b28fc5d0","0","222/1, Malibag","2","11","1","2","0","2020-10-24"
"4",,"arefin","Arefinul Islam","arefin@gmail.com","7055eced15538bfb7c07f8a5b28fc5d0","0","222/1, Malibag","1","11","420","2","0","2020-10-24"
"5",,"shoili","Shoili Jahan","shoili@gmail.com","7055eced15538bfb7c07f8a5b28fc5d0","0","222/1, Malibag","2","11","420","2","0","2020-10-24"
"6",,"billu","Billu Ka bhayankor","billu@gmail.com","7055eced15538bfb7c07f8a5b28fc5d0","0","222/1, Malibag","1","11","1","2","0","2020-10-24"
"7",,"rifat","Rifat Sagor","rifat@gmail.com","7055eced15538bfb7c07f8a5b28fc5d0","0","222/1, Malibag","1","11","1","2","0","2020-10-24"
"8",,"boira","Boira Kana","boira@gmail.com","7055eced15538bfb7c07f8a5b28fc5d0","0","222/1, Malibag","1","11","1","2","0","2020-10-24"
"9",,"malek","Malek uddin","malek@gmail.com","7055eced15538bfb7c07f8a5b28fc5d0","0","222/1, Malibag","2","11","1","2","0","2020-10-24"
"11",,"korim","Korim ul alam","korim@gmail.com","7055eced15538bfb7c07f8a5b28fc5d0","1855414342","222/1, Malibag","1","11","1","2","0","2020-10-24"
"12",,"shaila","Shila Manjil","shaila@gmail.com","7055eced15538bfb7c07f8a5b28fc5d0","0","222/1, Malibag","2","11","1","2","0","2020-10-24"
"13","indiachinaflags-ians_12.jpg","dipto","Dipto Alam","dipto@gmail.com","7055eced15538bfb7c07f8a5b28fc5d0","0","222/1, Malibag","1","11","1","2","0","2020-10-24"
"15","indiachinaflags-ians_12.jpg","Rafi","Billu Rafi","rafi@gmail.com","7055eced15538bfb7c07f8a5b28fc5d0","1855414342",,"1","11","1","2","0","2020-10-24"
"16",,"Rafid","Rafid ul Islam","rafid@gmail.com","7055eced15538bfb7c07f8a5b28fc5d0","0","Bujlam na","1","12","1","2","0","2020-10-25"
"18","5.jpg","anamika","Anamika Das","anamika@gmail.com","7055eced15538bfb7c07f8a5b28fc5d0","0","222/1, Malibag","2","11","1","2","0","2020-10-25"
"19",,"jerin","Jerin Malika","jerin@gmail.com","7055eced15538bfb7c07f8a5b28fc5d0","0",,"2","8","1","2","0","2020-10-25"
"20","g-5.jpg","priyo","Priyo Hasan","priyo@gmail.com","7055eced15538bfb7c07f8a5b28fc5d0","0","222/1, Malibag","1","11","1","2","0","2020-10-25"
"21",,"zeba","Zeba Fariha","zeba@gmail.com","7055eced15538bfb7c07f8a5b28fc5d0","0","222/1, Malibag","2","7","1","2","0","2020-10-25"
"22",,"shemontika","Shemontika Bhattacharya","shemontika@gmail.com","7055eced15538bfb7c07f8a5b28fc5d0","0","222/1, Malibag","2","6","1","2","0","0000-00-00"
"39","g-5.jpg","tahsin","Tahsin Faruque","faruquetahsin@gmail.com","7055eced15538bfb7c07f8a5b28fc5d0","0",,"1","0","1","1","1","(12:20:19 AM, Mon, 26 Oct, 2020)"
"63",,"maisha","Maisha Islam","maisha@gmail.com","7055eced15538bfb7c07f8a5b28fc5d0","0",,"2","7","1","2","0","(11:59:02 AM, Sun, 08 Nov, 2020)"
"64",,"rakesh","pv","rakeshpvofficial@gmail.com","8843028fefce50a6de50acdf064ded27","0",,"1","7","1","2","0","(04:34:38 PM, Thu, 22 Apr, 2021)"
"65",,"redwanchowdhury","Redwan Chowdhury","spta621@gmail.com","6116afedcb0bc31083935c1c262ff4c9","0",,"1","12","420","2","0","(01:42:55 AM, Sun, 18 Jul, 2021)"
"66",,"redwanchowdhury","Redwan Chowdhury","nc1997dot15@gmail.com","6116afedcb0bc31083935c1c262ff4c9","0",,"1","7","420","2","0","(01:45:00 AM, Sun, 18 Jul, 2021)"
"67",,"samirahman","Sami Rahman","samirahman2200@gmail.com","cb18f3445228f3a8b823dc2112be50c6","0",,"1","7","420","2","0","(10:21:28 PM, Mon, 08 Nov, 2021)"
"1","PowerPoint animation video","https://drive.google.com/file/d/15sXzG9rgTj2yDKG3THNvUfamJa8LRBnc/preview","11",,"1","1","(03:16:48 PM, Mon, 26 Oct, 2020)"
"3","A random video","https://drive.google.com/file/d/1ouYtf5uMnVZQ0IrBC57SFv0bupKCD6jc/preview","11","Loved this video","1","1","(01:27:01 AM, Tue, 27 Oct, 2020)"
"4","A video ","https://drive.google.com/file/d/1ouYtf5uMnVZQ0IrBC57SFv0bupKCD6jc/preview","8","This is video details.","1","1","(01:33:20 AM, Tue, 27 Oct, 2020)"
"6","Upwork Interview","https://www.youtube.com/embed/UsoOIHddWxU","8","Whats Pp polapain","420","1","(10:28:04 PM, Sun, 01 Nov, 2020)"
